AA,AC
ALA,GCU
ALA,GCC
ALA,GCA
ALA,GCG
ARG,CGU
ARG,CGC
ARG,CGA
ARG,CGG
ARG,AGA
ARG,AGG
ASN,AAU
ASN,AAC
ASP,GAU
ASP,GAC
CYS,UGU
CYS,UGC
GLN,CAA
GLN,CAG
GLU,GAA
GLU,GAG
GLY,GGU
GLY,GGC
GLY,GGA
GLY,GGG
HIS,CAU
HIS,CAC
ILE,AUU
ILE,AUC
ILE,AUA
LEU,CUU
LEU,CUC
LEU,CUA
LEU,CUG
LEU,UUA
LEU,UUG
LYS,AAA
LYS,AAG
MET,AUG
PHE,UUU
PHE,UUC
PRO,CCU
PRO,CCC
PRO,CCA
PRO,CCG
SER,UCU
SER,UCC
SER,UCA
SER,UCG
SER,AGU
SER,AGC
THR,ACU
THR,ACC
THR,ACA
THR,ACG
TRP,UGG
TYR,UAU
TYR,UAC
VAL,GUU
VAL,GUC
VAL,GUA
VAL,GUG
None,UAA
None,UGA
None,UAG